{
  "generation_name": "generation1",
  "reference_dir": "data\\reference\\gen0_reference",
  "current_samples": "data\\generated\\generation1_eval_samples.jsonl",
  "current_checkpoint": "checkpoints\\generation1\\best",
  "gen0_checkpoint": "checkpoints\\generation0\\best",
  "heldout_path": "data\\processed\\wikitext2_64\\test_tokens_64.txt",
  "num_aligned_prompts": 500,
  "reference_summary_stats": {
    "num_train_chunks": 37043,
    "num_eval_chunks_total": 3829,
    "num_prompts_selected": 500,
    "num_unique_train_tokens_observed": 38368,
    "num_tail_tokens": 24174,
    "tail_buffer_size_actual": 2000,
    "repair_pool_size_actual": 35043,
    "device_used": "cpu",
    "avg_tail_density_train": 0.050003543179548096,
    "avg_tail_count_train": 3.200226763491078,
    "avg_gen0_new_tokens": 32.0
  },
  "metrics": {
    "gen0": {
      "perplexity": 201.07993097382138,
      "avg_nll": 5.303702495547119,
      "mauve": 0.3757943099533306,
      "distinct_2": 0.16664516129032259,
      "tail_token_rate": 0.001,
      "tail_vocab_coverage": 0.0005791346074294697
    },
    "current": {
      "perplexity": 247.77522281633364,
      "avg_nll": 5.512521975561195,
      "mauve": 0.34871696836963784,
      "distinct_2": 0.13580645161290322,
      "tail_token_rate": 0.000375,
      "tail_vocab_coverage": 0.0002482005460412013
    },
    "human_reference": {
      "tail_token_rate": 0.063875,
      "tail_vocab_coverage": 0.035161744022503515
    }
  },
  "relative_to_gen0": {
    "perplexity_ratio": 1.2322225376563887,
    "mauve_ratio": 0.9279463768702207,
    "tail_token_rate_ratio": 0.375,
    "distinct_2_ratio": 0.8149438637243515
  },
  "deficits": {
    "ppl_deficit": 0.23222253765638864,
    "mauve_deficit": 0.07205362312977927,
    "tail_deficit": 0.625,
    "distinct2_deficit": 0.18505613627564851
  },
  "drift_flags": {
    "perplexity_drift": true,
    "mauve_drift": true,
    "tail_drift": true,
    "distinct2_drift": true
  },
  "thresholds": {
    "ppl_tol": 0.05,
    "mauve_tol": 0.05,
    "tail_tol": 0.05,
    "distinct2_tol": 0.05
  }
}